{
  "Standard VQ-VAE": {
    "token_accuracy": 0.15633336711642856,
    "sequence_accuracy": 0.0,
    "avg_edit_distance": 0.8534197902417091,
    "total_sequences": 10000,
    "codebook_utilization": 99.609375,
    "perplexity": 75.86492535967038,
    "entropy": 4.328954461119479,
    "unique_codes": 510,
    "dead_codes": 2,
    "total_codes": 512,
    "alignment": 0.1361095905303955,
    "uniformity": -0.24421513080596924,
    "silhouette_score": 0.09051726013422012,
    "davies_bouldin_index": 2.310860374118956,
    "calinski_harabasz_score": 2985.91455078125,
    "min_cluster_size": 591,
    "max_cluster_size": 1229,
    "cluster_balance": 0.4808787632221318,
    "linear_probe_accuracy": 0.9593333333333334,
    "linear_probe_f1": 0.9593446186719099,
    "knn_accuracy": 0.8626666666666667,
    "knn_f1": 0.8622713323946689
  },
  "Masked VQ-VAE": {
    "token_accuracy": 0.00022866409077545606,
    "sequence_accuracy": 0.0,
    "avg_edit_distance": 0.9995970571398654,
    "total_sequences": 10000,
    "codebook_utilization": 13.4765625,
    "perplexity": 1.4746090027440513,
    "entropy": 0.38839287176571585,
    "unique_codes": 69,
    "dead_codes": 443,
    "total_codes": 512,
    "alignment": 0.00021114804258104414,
    "uniformity": -0.00046162528451532125,
    "silhouette_score": 0.4770756959915161,
    "davies_bouldin_index": 0.5752107348164884,
    "calinski_harabasz_score": 46316.90234375,
    "min_cluster_size": 115,
    "max_cluster_size": 1609,
    "cluster_balance": 0.07147296457426973,
    "linear_probe_accuracy": 0.899,
    "linear_probe_f1": 0.8986417393303205,
    "knn_accuracy": 0.9876666666666667,
    "knn_f1": 0.9876671128442603
  },
  "Contrastive VQ-VAE": {
    "token_accuracy": null,
    "sequence_accuracy": null,
    "codebook_utilization": null,
    "perplexity": null,
    "alignment": 2.0040977001190186,
    "uniformity": -3.847235679626465,
    "silhouette_score": 0.019331645220518112,
    "davies_bouldin_index": 5.085611277580169,
    "calinski_harabasz_score": 90.25334930419922,
    "min_cluster_size": 704,
    "max_cluster_size": 1300,
    "cluster_balance": 0.5415384615384615,
    "linear_probe_accuracy": 0.9633333333333334,
    "linear_probe_f1": 0.9633212983718352,
    "knn_accuracy": 0.5953333333333334,
    "knn_f1": 0.589288902380268
  }
}