model,true_label_silhouette,ari,nmi,knn_acc,p_at_1,pair_centroid_distance,pair_bal_acc,heldout_auroc,heldout_auprc
contrastive_64d,-0.0004936245968565345,8.57401857742114e-05,0.00013002205570338763,0.38780000000000003,0.4053,0.12185754626989365,0.52,0.4991372075,0.3323847129752884
