model,true_label_silhouette,ari,nmi,knn_acc,p_at_1,pair_centroid_distance,pair_bal_acc,heldout_auroc,heldout_auprc
contrastive_128d,-0.0008380155195482075,4.996044699374995e-06,6.752501739881374e-05,0.36819999999999997,0.38506666666666667,0.16188167035579681,0.51215,0.5005514575,0.33284944504945524
