model,true_label_silhouette,ari,nmi,knn_acc,p_at_1,pair_centroid_distance,pair_bal_acc,heldout_auroc,heldout_auprc
maskedvq-seq_ours_embeddings,-0.002433476969599724,7.313845648814263e-05,0.00010891387965298236,0.35186666666666666,0.3725,0.08439534902572632,0.5077499999999999,0.5046694225,0.3371893158147434
